timestamp,value
2026-02-15 22:44:06.391713,530
2026-02-15 22:44:06.391899,534
2026-02-15 22:44:06.392044,536
2026-02-15 22:44:06.392102,537
2026-02-15 22:44:06.392155,541
2026-02-15 22:44:06.392204,538
2026-02-15 22:44:06.392251,534
2026-02-15 22:44:06.392297,530
2026-02-15 22:44:06.392342,525
2026-02-15 22:44:06.392387,522
2026-02-15 22:44:06.392432,520
2026-02-15 22:44:06.392479,524
2026-02-15 22:44:06.392524,526
2026-02-15 22:44:06.392569,526
2026-02-15 22:44:06.392616,531
2026-02-15 22:44:06.392662,532
2026-02-15 22:44:06.392707,524
2026-02-15 22:44:06.392753,520
2026-02-15 22:44:06.392798,515
2026-02-15 22:44:06.392844,513
2026-02-15 22:44:06.392888,513
2026-02-15 22:44:06.392934,516
2026-02-15 22:44:06.392979,518
2026-02-15 22:44:06.393023,523
2026-02-15 22:44:06.393090,525
2026-02-15 22:44:06.393188,526
2026-02-15 22:44:06.393282,523
2026-02-15 22:44:06.393334,517
2026-02-15 22:44:06.393403,517
2026-02-15 22:44:06.393451,510
2026-02-15 22:44:06.393558,502
2026-02-15 22:44:06.393607,499
2026-02-15 22:44:06.393649,503
2026-02-15 22:44:06.393690,508
2026-02-15 22:44:06.393730,515
2026-02-15 22:44:06.393770,520
2026-02-15 22:44:06.393809,522
2026-02-15 22:44:06.393863,524
2026-02-15 22:44:06.393903,520
2026-02-15 22:44:06.393942,516
2026-02-15 22:44:06.393983,510
2026-02-15 22:44:06.394022,512
2026-02-15 22:44:06.394062,516
2026-02-15 22:44:06.394102,516
2026-02-15 22:44:06.394142,521
2026-02-15 22:44:06.394181,522
2026-02-15 22:44:06.394221,516
2026-02-15 22:44:06.394272,517
2026-02-15 22:44:06.394318,513
2026-02-15 22:44:06.394358,515
2026-02-15 22:44:06.394404,507
2026-02-15 22:44:06.394455,508
2026-02-15 22:44:06.394505,510
2026-02-15 22:44:06.394543,512
2026-02-15 22:44:06.394582,511
2026-02-15 22:44:06.394621,517
2026-02-15 22:44:06.394660,518
2026-02-15 22:44:06.394699,514
2026-02-15 22:44:06.394738,517
2026-02-15 22:44:06.394776,514
2026-02-15 22:44:06.394815,509
2026-02-15 22:44:06.394853,504
2026-02-15 22:44:06.394905,502
2026-02-15 22:44:06.394950,506
2026-02-15 22:44:06.395008,514
2026-02-15 22:44:06.395047,524
2026-02-15 22:44:06.395094,530
2026-02-15 22:44:06.395132,528
2026-02-15 22:44:06.395171,521
2026-02-15 22:44:06.395209,517
2026-02-15 22:44:06.395261,513
2026-02-15 22:44:06.395300,509
2026-02-15 22:44:06.395338,509
2026-02-15 22:44:06.395385,511
2026-02-15 22:44:06.395424,514
2026-02-15 22:44:06.395461,520
2026-02-15 22:44:06.395503,526
2026-02-15 22:44:06.395538,523
2026-02-15 22:44:06.395570,521
2026-02-15 22:44:06.395603,517
2026-02-15 22:44:06.395634,514
2026-02-15 22:44:06.395667,508
2026-02-15 22:44:06.395699,512
2026-02-15 22:44:06.395730,512
2026-02-15 22:44:06.395763,511
2026-02-15 22:44:06.395794,516
2026-02-15 22:44:06.395839,526
2026-02-15 22:44:06.395871,526
2026-02-15 22:44:06.395910,522
2026-02-15 22:44:06.395942,520
2026-02-15 22:44:06.395975,516
2026-02-15 22:44:06.396006,510
2026-02-15 22:44:06.396039,510
2026-02-15 22:44:06.396070,505
2026-02-15 22:44:06.396117,497
2026-02-15 22:44:06.396149,503
2026-02-15 22:44:06.396180,510
2026-02-15 22:44:06.396213,519
2026-02-15 22:44:06.396245,520
2026-02-15 22:44:06.396276,521
2026-02-15 22:44:06.396309,517
2026-02-15 22:44:06.396341,510
2026-02-15 22:44:06.396374,504
2026-02-15 22:44:06.396409,508
2026-02-15 22:44:06.396440,511
2026-02-15 22:44:06.396473,515
2026-02-15 22:44:06.396505,519
2026-02-15 22:44:06.396537,520
2026-02-15 22:44:06.396571,519
2026-02-15 22:44:06.396604,517
2026-02-15 22:44:06.396637,513
2026-02-15 22:44:06.396669,509
2026-02-15 22:44:06.396701,506
2026-02-15 22:44:06.396734,504
2026-02-15 22:44:06.396766,507
2026-02-15 22:44:06.396798,507
2026-02-15 22:44:06.396830,508
2026-02-15 22:44:06.396866,510
2026-02-15 22:44:06.396904,514
2026-02-15 22:44:06.396938,515
2026-02-15 22:44:06.396970,512
2026-02-15 22:44:06.397002,507
2026-02-15 22:44:06.397034,500
2026-02-15 22:44:06.397078,504
2026-02-15 22:44:06.397110,508
2026-02-15 22:44:06.397142,511
2026-02-15 22:44:06.397174,517
2026-02-15 22:44:06.397207,527
2026-02-15 22:44:06.397240,527
2026-02-15 22:44:06.397276,519
2026-02-15 22:44:06.397309,505
2026-02-15 22:44:06.397341,502
2026-02-15 22:44:06.397373,506
2026-02-15 22:44:06.397533,509
2026-02-15 22:44:06.397639,516
2026-02-15 22:44:06.397691,520
2026-02-15 22:44:06.397732,524
2026-02-15 22:44:06.397770,528
2026-02-15 22:44:06.397807,527
2026-02-15 22:44:06.397844,520
2026-02-15 22:44:06.397881,516
2026-02-15 22:44:06.397917,513
2026-02-15 22:44:06.397953,507
2026-02-15 22:44:06.397989,503
2026-02-15 22:44:06.398026,506
2026-02-15 22:44:06.398064,510
2026-02-15 22:44:06.398100,514
2026-02-15 22:44:06.398137,512
2026-02-15 22:44:06.398175,511
2026-02-15 22:44:06.398211,516
2026-02-15 22:44:06.398247,518
2026-02-15 22:44:06.398285,514
2026-02-15 22:44:06.398321,513
2026-02-15 22:44:06.398432,511
2026-02-15 22:44:06.398492,513
2026-02-15 22:44:06.398550,515
2026-02-15 22:44:06.398592,516
2026-02-15 22:44:06.398630,519
2026-02-15 22:44:06.398667,525
2026-02-15 22:44:06.398704,525
2026-02-15 22:44:06.398741,520
2026-02-15 22:44:06.398777,514
2026-02-15 22:44:06.398825,506
2026-02-15 22:44:06.398865,502
2026-02-15 22:44:06.398902,507
2026-02-15 22:44:06.398938,508
2026-02-15 22:44:06.398974,513
2026-02-15 22:44:06.399010,516
2026-02-15 22:44:06.399046,517
2026-02-15 22:44:06.399082,518
2026-02-15 22:44:06.399117,514
2026-02-15 22:44:06.399153,514
2026-02-15 22:44:06.399194,513
2026-02-15 22:44:06.399244,509
2026-02-15 22:44:06.399281,508
2026-02-15 22:44:06.399316,510
2026-02-15 22:44:06.399353,504
2026-02-15 22:44:06.399391,506
2026-02-15 22:44:06.399426,519
2026-02-15 22:44:06.399569,521
2026-02-15 22:44:06.399658,520
2026-02-15 22:44:06.399714,515
2026-02-15 22:44:06.399757,510
2026-02-15 22:44:06.399797,507
2026-02-15 22:44:06.399837,507
2026-02-15 22:44:06.399874,508
2026-02-15 22:44:06.399913,515
2026-02-15 22:44:06.399959,517
2026-02-15 22:44:06.399995,520
2026-02-15 22:44:06.400031,515
2026-02-15 22:44:06.400067,513
2026-02-15 22:44:06.400104,511
2026-02-15 22:44:06.400145,509
2026-02-15 22:44:06.400181,504
2026-02-15 22:44:06.400217,501
2026-02-15 22:44:06.400253,505
2026-02-15 22:44:06.400288,509
2026-02-15 22:44:06.400327,514
2026-02-15 22:44:06.400363,521
2026-02-15 22:44:06.400399,523
2026-02-15 22:44:06.400436,522
2026-02-15 22:44:06.400472,517
2026-02-15 22:44:06.400514,513
2026-02-15 22:44:06.400552,508
2026-02-15 22:44:06.400591,502
2026-02-15 22:44:06.400627,491
2026-02-15 22:44:06.400663,492
2026-02-15 22:44:06.400707,502
2026-02-15 22:44:06.400743,513
2026-02-15 22:44:06.400779,520
2026-02-15 22:44:06.400829,519
2026-02-15 22:44:06.400866,516
2026-02-15 22:44:06.400901,510
2026-02-15 22:44:06.400936,506
2026-02-15 22:44:06.400971,501
2026-02-15 22:44:06.401007,502
2026-02-15 22:44:06.401042,508
2026-02-15 22:44:06.401085,512
2026-02-15 22:44:06.401121,519
2026-02-15 22:44:06.401156,523
2026-02-15 22:44:06.401192,519
2026-02-15 22:44:06.401227,516
2026-02-15 22:44:06.401273,512
2026-02-15 22:44:06.401308,508
2026-02-15 22:44:06.401344,505
2026-02-15 22:44:06.401380,505
2026-02-15 22:44:06.401409,508
2026-02-15 22:44:06.401438,510
2026-02-15 22:44:06.401466,511
2026-02-15 22:44:06.401495,516
2026-02-15 22:44:06.401540,515
2026-02-15 22:44:06.401569,516
2026-02-15 22:44:06.401599,513
2026-02-15 22:44:06.401639,511
2026-02-15 22:44:06.401677,508
2026-02-15 22:44:06.401706,508
2026-02-15 22:44:06.401735,512
2026-02-15 22:44:06.401764,516
2026-02-15 22:44:06.401792,516
2026-02-15 22:44:06.401821,515
2026-02-15 22:44:06.401849,514
2026-02-15 22:44:06.401878,512
2026-02-15 22:44:06.401907,512
2026-02-15 22:44:06.401935,510
2026-02-15 22:44:06.401964,509
2026-02-15 22:44:06.401993,504
2026-02-15 22:44:06.402023,508
2026-02-15 22:44:06.402052,512
2026-02-15 22:44:06.402080,514
2026-02-15 22:44:06.402109,515
2026-02-15 22:44:06.402139,519
2026-02-15 22:44:06.402168,511
2026-02-15 22:44:06.402197,505
2026-02-15 22:44:06.402227,508
2026-02-15 22:44:06.402256,510
2026-02-15 22:44:06.402285,511
2026-02-15 22:44:06.402606,512
2026-02-15 22:44:06.402640,515
2026-02-15 22:44:06.402670,520
2026-02-15 22:44:06.402704,522
2026-02-15 22:44:06.402735,526
2026-02-15 22:44:06.402765,523
2026-02-15 22:44:06.402794,516
2026-02-15 22:44:06.402824,513
2026-02-15 22:44:06.402853,512
2026-02-15 22:44:06.402883,507
2026-02-15 22:44:06.402911,503
2026-02-15 22:44:06.402940,503
2026-02-15 22:44:06.402968,511
2026-02-15 22:44:06.402997,514
2026-02-15 22:44:06.403026,516
2026-02-15 22:44:06.403055,520
2026-02-15 22:44:06.403084,519
2026-02-15 22:44:06.403113,516
2026-02-15 22:44:06.403141,511
2026-02-15 22:44:06.403170,506
2026-02-15 22:44:06.403199,503
2026-02-15 22:44:06.403228,506
2026-02-15 22:44:06.403256,510
2026-02-15 22:44:06.403286,516
2026-02-15 22:44:06.403315,520
2026-02-15 22:44:06.403345,524
2026-02-15 22:44:06.403375,520
2026-02-15 22:44:06.403404,519
2026-02-15 22:44:06.403432,523
2026-02-15 22:44:06.403474,521
2026-02-15 22:44:06.403505,515
2026-02-15 22:44:06.403534,514
2026-02-15 22:44:06.403563,511
2026-02-15 22:44:06.403592,509
2026-02-15 22:44:06.403621,504
2026-02-15 22:44:06.403650,501
2026-02-15 22:44:06.403680,504
2026-02-15 22:44:06.403709,508
2026-02-15 22:44:06.403738,510
2026-02-15 22:44:06.403767,505
2026-02-15 22:44:06.403797,499
2026-02-15 22:44:06.403827,503
2026-02-15 22:44:06.403857,507
2026-02-15 22:44:06.403885,511
2026-02-15 22:44:06.403914,515
2026-02-15 22:44:06.403943,519
2026-02-15 22:44:06.403971,517
2026-02-15 22:44:06.404000,516
2026-02-15 22:44:06.404028,514
2026-02-15 22:44:06.404057,511
2026-02-15 22:44:06.404086,508
2026-02-15 22:44:06.404128,507
2026-02-15 22:44:06.404157,513
2026-02-15 22:44:06.404187,515
2026-02-15 22:44:06.404215,512
2026-02-15 22:44:06.404249,519
2026-02-15 22:44:06.404279,524
2026-02-15 22:44:06.404308,524
2026-02-15 22:44:06.404337,524
2026-02-15 22:44:06.404366,528
2026-02-15 22:44:06.404395,526
2026-02-15 22:44:06.404424,525
2026-02-15 22:44:06.404453,525
2026-02-15 22:44:06.404482,529
2026-02-15 22:44:06.404511,533
2026-02-15 22:44:06.404541,542
2026-02-15 22:44:06.404571,548
2026-02-15 22:44:06.404600,543
2026-02-15 22:44:06.404629,536
2026-02-15 22:44:06.404658,535
2026-02-15 22:44:06.404687,530
2026-02-15 22:44:06.404716,526
2026-02-15 22:44:06.404746,527
2026-02-15 22:44:06.404775,526
2026-02-15 22:44:06.404805,523
2026-02-15 22:44:06.404834,521
2026-02-15 22:44:06.404864,522
2026-02-15 22:44:06.404894,524
2026-02-15 22:44:06.404925,522
2026-02-15 22:44:06.404955,520
2026-02-15 22:44:06.404983,516
2026-02-15 22:44:06.405017,502
2026-02-15 22:44:06.405048,500
2026-02-15 22:44:06.405077,510
2026-02-15 22:44:06.405106,518
2026-02-15 22:44:06.405135,524
2026-02-15 22:44:06.405164,527
2026-02-15 22:44:06.405193,526
2026-02-15 22:44:06.405222,524
2026-02-15 22:44:06.405251,525
2026-02-15 22:44:06.405280,522
2026-02-15 22:44:06.405309,516
2026-02-15 22:44:06.405340,513
2026-02-15 22:44:06.405370,512
2026-02-15 22:44:06.405399,512
2026-02-15 22:44:06.405428,518
2026-02-15 22:44:06.405456,531
2026-02-15 22:44:06.405485,531
2026-02-15 22:44:06.405514,529
2026-02-15 22:44:06.405544,527
2026-02-15 22:44:06.405573,528
2026-02-15 22:44:06.405602,527
2026-02-15 22:44:06.405632,523
2026-02-15 22:44:06.405661,525
2026-02-15 22:44:06.405690,524
2026-02-15 22:44:06.405719,525
2026-02-15 22:44:06.405748,521
2026-02-15 22:44:06.405785,525
2026-02-15 22:44:06.405815,530
2026-02-15 22:44:06.405846,529
2026-02-15 22:44:06.405876,527
2026-02-15 22:44:06.405905,524
2026-02-15 22:44:06.405935,520
2026-02-15 22:44:06.405964,521
2026-02-15 22:44:06.405994,524
2026-02-15 22:44:06.406023,525
2026-02-15 22:44:06.406052,529
2026-02-15 22:44:06.406082,530
2026-02-15 22:44:06.406111,527
2026-02-15 22:44:06.406140,526
2026-02-15 22:44:06.406169,523
2026-02-15 22:44:06.406197,520
2026-02-15 22:44:06.406226,518
2026-02-15 22:44:06.406255,521
2026-02-15 22:44:06.406284,519
2026-02-15 22:44:06.406313,521
2026-02-15 22:44:06.406343,524
2026-02-15 22:44:06.406372,527
2026-02-15 22:44:06.406400,527
2026-02-15 22:44:06.406430,513
2026-02-15 22:44:06.406459,509
2026-02-15 22:44:06.406488,508
2026-02-15 22:44:06.406518,510
2026-02-15 22:44:06.406550,513
2026-02-15 22:44:06.406581,513
2026-02-15 22:44:06.406610,516
2026-02-15 22:44:06.406639,517
2026-02-15 22:44:06.406669,522
2026-02-15 22:44:06.406699,522
2026-02-15 22:44:06.406728,517
2026-02-15 22:44:06.406757,517
2026-02-15 22:44:06.406786,510
2026-02-15 22:44:06.406815,502
2026-02-15 22:44:06.406844,498
2026-02-15 22:44:06.406872,500
2026-02-15 22:44:06.406901,501
2026-02-15 22:44:06.406930,505
2026-02-15 22:44:06.406959,506
2026-02-15 22:44:06.406988,505
2026-02-15 22:44:06.407017,507
2026-02-15 22:44:06.407047,503
2026-02-15 22:44:06.407076,497
2026-02-15 22:44:06.407112,497
2026-02-15 22:44:06.407141,496
2026-02-15 22:44:06.407171,497
2026-02-15 22:44:06.407201,495
2026-02-15 22:44:06.407230,498
2026-02-15 22:44:06.407259,498
2026-02-15 22:44:06.407289,491
2026-02-15 22:44:06.407321,474
2026-02-15 22:44:06.407351,458
2026-02-15 22:44:06.407380,465
2026-02-15 22:44:06.407409,478
2026-02-15 22:44:06.407438,483
2026-02-15 22:44:06.407468,484
2026-02-15 22:44:06.407498,490
2026-02-15 22:44:06.407527,491
2026-02-15 22:44:06.407556,495
2026-02-15 22:44:06.407585,488
2026-02-15 22:44:06.407614,478
2026-02-15 22:44:06.407643,475
2026-02-15 22:44:06.407671,475
2026-02-15 22:44:06.407701,472
2026-02-15 22:44:06.407730,472
2026-02-15 22:44:06.407758,473
2026-02-15 22:44:06.407787,474
2026-02-15 22:44:06.407816,476
2026-02-15 22:44:06.407845,475
2026-02-15 22:44:06.407874,477
2026-02-15 22:44:06.407903,478
2026-02-15 22:44:06.407931,472
2026-02-15 22:44:06.407960,467
2026-02-15 22:44:06.407989,468
2026-02-15 22:44:06.408018,465
2026-02-15 22:44:06.408047,466
2026-02-15 22:44:06.408081,465
2026-02-15 22:44:06.408111,464
2026-02-15 22:44:06.408140,463
2026-02-15 22:44:06.408169,458
2026-02-15 22:44:06.408198,453
2026-02-15 22:44:06.408226,449
2026-02-15 22:44:06.408255,449
2026-02-15 22:44:06.408283,448
2026-02-15 22:44:06.408312,454
2026-02-15 22:44:06.408341,455
2026-02-15 22:44:06.408370,459
2026-02-15 22:44:06.408398,461
2026-02-15 22:44:06.408428,461
2026-02-15 22:44:06.408456,463
2026-02-15 22:44:06.408485,464
2026-02-15 22:44:06.408513,462
2026-02-15 22:44:06.408543,459
2026-02-15 22:44:06.408571,456
2026-02-15 22:44:06.408601,451
2026-02-15 22:44:06.408631,439
2026-02-15 22:44:06.408660,440
2026-02-15 22:44:06.408690,448
2026-02-15 22:44:06.408719,452
2026-02-15 22:44:06.408749,454
2026-02-15 22:44:06.408778,455
2026-02-15 22:44:06.408807,454
2026-02-15 22:44:06.408841,448
2026-02-15 22:44:06.408872,447
2026-02-15 22:44:06.408901,453
2026-02-15 22:44:06.408930,447
2026-02-15 22:44:06.408958,454
2026-02-15 22:44:06.408988,459
2026-02-15 22:44:06.409017,456
2026-02-15 22:44:06.409046,458
2026-02-15 22:44:06.409075,465
2026-02-15 22:44:06.409103,467
2026-02-15 22:44:06.409132,467
2026-02-15 22:44:06.409161,465
2026-02-15 22:44:06.409190,460
2026-02-15 22:44:06.409219,442
2026-02-15 22:44:06.409248,440
2026-02-15 22:44:06.409276,451
2026-02-15 22:44:06.409305,461
2026-02-15 22:44:06.409334,463
2026-02-15 22:44:06.409359,461
2026-02-15 22:44:06.409384,464
2026-02-15 22:44:06.409410,463
2026-02-15 22:44:06.409435,458
2026-02-15 22:44:06.409460,456
2026-02-15 22:44:06.409485,453
2026-02-15 22:44:06.409510,456
2026-02-15 22:44:06.409535,455
2026-02-15 22:44:06.409564,443
2026-02-15 22:44:06.409590,442
2026-02-15 22:44:06.409615,454
2026-02-15 22:44:06.409640,463
2026-02-15 22:44:06.409665,464
2026-02-15 22:44:06.409689,463
2026-02-15 22:44:06.409714,462
2026-02-15 22:44:06.409738,462
2026-02-15 22:44:06.409773,457
2026-02-15 22:44:06.409799,454
2026-02-15 22:44:06.409824,449
2026-02-15 22:44:06.409849,447
2026-02-15 22:44:06.409874,452
2026-02-15 22:44:06.409899,462
2026-02-15 22:44:06.409924,466
2026-02-15 22:44:06.409949,465
2026-02-15 22:44:06.409974,461
2026-02-15 22:44:06.409998,463
2026-02-15 22:44:06.410023,464
2026-02-15 22:44:06.410086,466
2026-02-15 22:44:06.410112,465
2026-02-15 22:44:06.410138,458
2026-02-15 22:44:06.410163,453
2026-02-15 22:44:06.410188,459
2026-02-15 22:44:06.410214,461
2026-02-15 22:44:06.410238,473
2026-02-15 22:44:06.410267,475
2026-02-15 22:44:06.410293,473
2026-02-15 22:44:06.410319,469
2026-02-15 22:44:06.410343,468
2026-02-15 22:44:06.410368,469
2026-02-15 22:44:06.410392,471
2026-02-15 22:44:06.410417,468
2026-02-15 22:44:06.410442,464
2026-02-15 22:44:06.410467,452
2026-02-15 22:44:06.410492,452
2026-02-15 22:44:06.410517,467
2026-02-15 22:44:06.410542,476
2026-02-15 22:44:06.410567,476
2026-02-15 22:44:06.410592,478
2026-02-15 22:44:06.410618,479
2026-02-15 22:44:06.410642,474
2026-02-15 22:44:06.410668,472
2026-02-15 22:44:06.410693,479
2026-02-15 22:44:06.410719,479
2026-02-15 22:44:06.410744,476
2026-02-15 22:44:06.410769,472
2026-02-15 22:44:06.410794,468
2026-02-15 22:44:06.410819,466
2026-02-15 22:44:06.410844,465
2026-02-15 22:44:06.410870,469
2026-02-15 22:44:06.410894,467
2026-02-15 22:44:06.410931,467
2026-02-15 22:44:06.410957,477
2026-02-15 22:44:06.410982,483
2026-02-15 22:44:06.411006,484
2026-02-15 22:44:06.411031,481
2026-02-15 22:44:06.411056,475
2026-02-15 22:44:06.411080,474
2026-02-15 22:44:06.411105,463
2026-02-15 22:44:06.411130,463
2026-02-15 22:44:06.411155,469
2026-02-15 22:44:06.411180,479
2026-02-15 22:44:06.411205,484
2026-02-15 22:44:06.411230,486
2026-02-15 22:44:06.411255,481
2026-02-15 22:44:06.411280,485
2026-02-15 22:44:06.411304,481
2026-02-15 22:44:06.411330,481
2026-02-15 22:44:06.411355,479
2026-02-15 22:44:06.411380,478
2026-02-15 22:44:06.411405,480
2026-02-15 22:44:06.411430,479
2026-02-15 22:44:06.411455,476
2026-02-15 22:44:06.411480,481
2026-02-15 22:44:06.411504,487
2026-02-15 22:44:06.411530,490
2026-02-15 22:44:06.411555,492
2026-02-15 22:44:06.411585,492
2026-02-15 22:44:06.411612,484
2026-02-15 22:44:06.411637,486
2026-02-15 22:44:06.411724,480
2026-02-15 22:44:06.411782,479
2026-02-15 22:44:06.411813,478
2026-02-15 22:44:06.411841,487
2026-02-15 22:44:06.411867,494
2026-02-15 22:44:06.411892,490
2026-02-15 22:44:06.411918,490
2026-02-15 22:44:06.411943,488
2026-02-15 22:44:06.411968,487
2026-02-15 22:44:06.411993,488
2026-02-15 22:44:06.412018,491
2026-02-15 22:44:06.412044,491
2026-02-15 22:44:06.412069,489
2026-02-15 22:44:06.412094,487
2026-02-15 22:44:06.412119,489
2026-02-15 22:44:06.412146,489
2026-02-15 22:44:06.412171,489
2026-02-15 22:44:06.412196,487
2026-02-15 22:44:06.412221,483
2026-02-15 22:44:06.412246,481
2026-02-15 22:44:06.412270,472
2026-02-15 22:44:06.412295,470
2026-02-15 22:44:06.412320,464
2026-02-15 22:44:06.412351,477
2026-02-15 22:44:06.412380,489
2026-02-15 22:44:06.412405,493
2026-02-15 22:44:06.412430,493
2026-02-15 22:44:06.412455,497
2026-02-15 22:44:06.412480,494
2026-02-15 22:44:06.412505,481
2026-02-15 22:44:06.412530,479
2026-02-15 22:44:06.412556,485
2026-02-15 22:44:06.412581,470
2026-02-15 22:44:06.412606,477
2026-02-15 22:44:06.412631,487
2026-02-15 22:44:06.412656,496
2026-02-15 22:44:06.412681,504
2026-02-15 22:44:06.412706,508
2026-02-15 22:44:06.412730,505
2026-02-15 22:44:06.412755,504
2026-02-15 22:44:06.412780,503
2026-02-15 22:44:06.412805,507
2026-02-15 22:44:06.412830,506
2026-02-15 22:44:06.412855,507
2026-02-15 22:44:06.412879,482
2026-02-15 22:44:06.412904,488
2026-02-15 22:44:06.412929,492
2026-02-15 22:44:06.412955,489
2026-02-15 22:44:06.412980,487
2026-02-15 22:44:06.413010,490
2026-02-15 22:44:06.413039,496
2026-02-15 22:44:06.413064,499
2026-02-15 22:44:06.413089,501
2026-02-15 22:44:06.413114,506
2026-02-15 22:44:06.413139,510
2026-02-15 22:44:06.413163,514
2026-02-15 22:44:06.413188,509
2026-02-15 22:44:06.413213,506
2026-02-15 22:44:06.413238,504
2026-02-15 22:44:06.413263,496
2026-02-15 22:44:06.413289,489
2026-02-15 22:44:06.413314,482
2026-02-15 22:44:06.413339,490
2026-02-15 22:44:06.413364,493
2026-02-15 22:44:06.413389,497
2026-02-15 22:44:06.413415,502
2026-02-15 22:44:06.413440,503
2026-02-15 22:44:06.413469,504
2026-02-15 22:44:06.413494,504
2026-02-15 22:44:06.413519,507
2026-02-15 22:44:06.413544,505
2026-02-15 22:44:06.413570,509
2026-02-15 22:44:06.413596,508
2026-02-15 22:44:06.413622,505
2026-02-15 22:44:06.413647,503
2026-02-15 22:44:06.413672,509
2026-02-15 22:44:06.413704,510
2026-02-15 22:44:06.413730,510
2026-02-15 22:44:06.413755,483
2026-02-15 22:44:06.413780,494
2026-02-15 22:44:06.413804,506
2026-02-15 22:44:06.413829,510
2026-02-15 22:44:06.413854,515
2026-02-15 22:44:06.413879,516
2026-02-15 22:44:06.413905,516
2026-02-15 22:44:06.413930,519
2026-02-15 22:44:06.413955,522
2026-02-15 22:44:06.413981,524
2026-02-15 22:44:06.414006,522
2026-02-15 22:44:06.414030,519
2026-02-15 22:44:06.414055,518
2026-02-15 22:44:06.414080,518
2026-02-15 22:44:06.414105,516
2026-02-15 22:44:06.414130,510
2026-02-15 22:44:06.414155,512
2026-02-15 22:44:06.414179,516
2026-02-15 22:44:06.414204,520
2026-02-15 22:44:06.414229,520
2026-02-15 22:44:06.414254,523
2026-02-15 22:44:06.414279,531
2026-02-15 22:44:06.414304,532
2026-02-15 22:44:06.414329,533
2026-02-15 22:44:06.414354,533
2026-02-15 22:44:06.414379,537
2026-02-15 22:44:06.414404,538
2026-02-15 22:44:06.414429,540
2026-02-15 22:44:06.414454,541
2026-02-15 22:44:06.414480,545
2026-02-15 22:44:06.414505,546
2026-02-15 22:44:06.414531,546
2026-02-15 22:44:06.414556,546
2026-02-15 22:44:06.414582,543
2026-02-15 22:44:06.414607,541
2026-02-15 22:44:06.414631,543
2026-02-15 22:44:06.414656,542
2026-02-15 22:44:06.414681,543
2026-02-15 22:44:06.414705,551
2026-02-15 22:44:06.414730,553
2026-02-15 22:44:06.414755,550
2026-02-15 22:44:06.414781,546
2026-02-15 22:44:06.414806,545
2026-02-15 22:44:06.414832,541
2026-02-15 22:44:06.414856,537
2026-02-15 22:44:06.414882,524
2026-02-15 22:44:06.414906,531
2026-02-15 22:44:06.414932,546
2026-02-15 22:44:06.414957,558
2026-02-15 22:44:06.414983,561
2026-02-15 22:44:06.415008,563
2026-02-15 22:44:06.415034,563
2026-02-15 22:44:06.415058,562
2026-02-15 22:44:06.415084,557
2026-02-15 22:44:06.415108,559
2026-02-15 22:44:06.415133,562
2026-02-15 22:44:06.415158,561
2026-02-15 22:44:06.415184,562
2026-02-15 22:44:06.415210,566
2026-02-15 22:44:06.415235,562
2026-02-15 22:44:06.415262,562
2026-02-15 22:44:06.415287,565
2026-02-15 22:44:06.415309,567
2026-02-15 22:44:06.415331,567
2026-02-15 22:44:06.415352,565
2026-02-15 22:44:06.415374,562
2026-02-15 22:44:06.415396,562
2026-02-15 22:44:06.415418,560
2026-02-15 22:44:06.415439,561
2026-02-15 22:44:06.415461,555
2026-02-15 22:44:06.415482,548
2026-02-15 22:44:06.415504,548
2026-02-15 22:44:06.415525,549
2026-02-15 22:44:06.415546,549
2026-02-15 22:44:06.415568,547
2026-02-15 22:44:06.415589,545
2026-02-15 22:44:06.415611,542
2026-02-15 22:44:06.415633,545
2026-02-15 22:44:06.415655,551
2026-02-15 22:44:06.415677,556
2026-02-15 22:44:06.415698,558
2026-02-15 22:44:06.415721,556
2026-02-15 22:44:06.415742,552
2026-02-15 22:44:06.415764,549
2026-02-15 22:44:06.415785,549
2026-02-15 22:44:06.415808,550
2026-02-15 22:44:06.415829,552
2026-02-15 22:44:06.415851,555
2026-02-15 22:44:06.415873,555
2026-02-15 22:44:06.415895,557
2026-02-15 22:44:06.415917,558
2026-02-15 22:44:06.415939,531
2026-02-15 22:44:06.415961,519
2026-02-15 22:44:06.415983,531
2026-02-15 22:44:06.416007,541
2026-02-15 22:44:06.416032,544
2026-02-15 22:44:06.416054,550
2026-02-15 22:44:06.416076,556
2026-02-15 22:44:06.416098,561
2026-02-15 22:44:06.416126,564
2026-02-15 22:44:06.416173,565
2026-02-15 22:44:06.416213,564
2026-02-15 22:44:06.416239,553
2026-02-15 22:44:06.416262,555
2026-02-15 22:44:06.416285,550
2026-02-15 22:44:06.416308,545
2026-02-15 22:44:06.416330,550
2026-02-15 22:44:06.416353,549
2026-02-15 22:44:06.416400,554
2026-02-15 22:44:06.416431,558
2026-02-15 22:44:06.416454,563
2026-02-15 22:44:06.416476,564
2026-02-15 22:44:06.416498,561
2026-02-15 22:44:06.416521,556
2026-02-15 22:44:06.416543,553
2026-02-15 22:44:06.416564,550
2026-02-15 22:44:06.416615,539
2026-02-15 22:44:06.416637,531
2026-02-15 22:44:06.416659,542
2026-02-15 22:44:06.416681,548
2026-02-15 22:44:06.416704,560
2026-02-15 22:44:06.416726,561
2026-02-15 22:44:06.416748,561
2026-02-15 22:44:06.416770,550
2026-02-15 22:44:06.416792,544
2026-02-15 22:44:06.416813,545
2026-02-15 22:44:06.416835,554
2026-02-15 22:44:06.416857,567
2026-02-15 22:44:06.416878,572
2026-02-15 22:44:06.416899,577
2026-02-15 22:44:06.416921,577
2026-02-15 22:44:06.416943,579
2026-02-15 22:44:06.416965,574
2026-02-15 22:44:06.416987,568
2026-02-15 22:44:06.417008,558
2026-02-15 22:44:06.417030,556
2026-02-15 22:44:06.417051,552
2026-02-15 22:44:06.417073,551
2026-02-15 22:44:06.417095,547
2026-02-15 22:44:06.417116,549
2026-02-15 22:44:06.417138,545
2026-02-15 22:44:06.417161,542
2026-02-15 22:44:06.417182,539
2026-02-15 22:44:06.417204,539
2026-02-15 22:44:06.417225,542
2026-02-15 22:44:06.417248,540
2026-02-15 22:44:06.417269,541
2026-02-15 22:44:06.417291,545
2026-02-15 22:44:06.417312,547
2026-02-15 22:44:06.417334,546
2026-02-15 22:44:06.417355,548
2026-02-15 22:44:06.417376,550
2026-02-15 22:44:06.417398,550
2026-02-15 22:44:06.417419,547
2026-02-15 22:44:06.417441,544
2026-02-15 22:44:06.417462,540
2026-02-15 22:44:06.417484,532
2026-02-15 22:44:06.417506,527
2026-02-15 22:44:06.417527,519
2026-02-15 22:44:06.417548,526
2026-02-15 22:44:06.417570,533
2026-02-15 22:44:06.417591,535
2026-02-15 22:44:06.417613,534
2026-02-15 22:44:06.417634,532
2026-02-15 22:44:06.417657,530
2026-02-15 22:44:06.417679,531
2026-02-15 22:44:06.417700,528
2026-02-15 22:44:06.417723,528
2026-02-15 22:44:06.417744,513
2026-02-15 22:44:06.417766,521
2026-02-15 22:44:06.417788,528
2026-02-15 22:44:06.417809,539
2026-02-15 22:44:06.417830,541
2026-02-15 22:44:06.417852,539
2026-02-15 22:44:06.417874,538
2026-02-15 22:44:06.417895,537
2026-02-15 22:44:06.417917,535
2026-02-15 22:44:06.417939,531
2026-02-15 22:44:06.417961,527
2026-02-15 22:44:06.417983,532
2026-02-15 22:44:06.418004,534
2026-02-15 22:44:06.418026,538
2026-02-15 22:44:06.418047,534
2026-02-15 22:44:06.418069,534
2026-02-15 22:44:06.418518,533
2026-02-15 22:44:06.420496,533
2026-02-15 22:44:06.422426,528
2026-02-15 22:44:06.424360,524
2026-02-15 22:44:06.426302,527
2026-02-15 22:44:06.428187,523
2026-02-15 22:44:06.430139,525
2026-02-15 22:44:06.432114,533
2026-02-15 22:44:06.434061,534
2026-02-15 22:44:06.435997,535
2026-02-15 22:44:06.437981,535
2026-02-15 22:44:06.439897,536
2026-02-15 22:44:06.441904,536
2026-02-15 22:44:06.443833,533
2026-02-15 22:44:06.445773,536
2026-02-15 22:44:06.447741,539
2026-02-15 22:44:06.449676,538
2026-02-15 22:44:06.451672,537
2026-02-15 22:44:06.453618,539
2026-02-15 22:44:06.455540,538
2026-02-15 22:44:06.457495,535
2026-02-15 22:44:06.459445,523
2026-02-15 22:44:06.461406,515
2026-02-15 22:44:06.463352,518
2026-02-15 22:44:06.465359,522
2026-02-15 22:44:06.467336,524
2026-02-15 22:44:06.469246,524
2026-02-15 22:44:06.471169,528
2026-02-15 22:44:06.473119,532
2026-02-15 22:44:06.475080,535
2026-02-15 22:44:06.477027,529
2026-02-15 22:44:06.478988,516
2026-02-15 22:44:06.480929,520
2026-02-15 22:44:06.482879,524
2026-02-15 22:44:06.484910,527
2026-02-15 22:44:06.486836,528
2026-02-15 22:44:06.488748,526
2026-02-15 22:44:06.490719,526
2026-02-15 22:44:06.492669,525
2026-02-15 22:44:06.494677,530
2026-02-15 22:44:06.496572,524
2026-02-15 22:44:06.498513,523
2026-02-15 22:44:06.500501,525
2026-02-15 22:44:06.502444,523
2026-02-15 22:44:06.504424,517
2026-02-15 22:44:06.506369,517
2026-02-15 22:44:06.508314,520
2026-02-15 22:44:06.510705,528
2026-02-15 22:44:06.512264,532
2026-02-15 22:44:06.514164,533
2026-02-15 22:44:06.516079,529
2026-02-15 22:44:06.518087,520
2026-02-15 22:44:06.520034,523
2026-02-15 22:44:06.521958,526
2026-02-15 22:44:06.523994,528
2026-02-15 22:44:06.525850,531
2026-02-15 22:44:06.527895,529
2026-02-15 22:44:06.529767,529
2026-02-15 22:44:06.531697,529
2026-02-15 22:44:06.533659,531
2026-02-15 22:44:06.535747,532
2026-02-15 22:44:06.537729,530
2026-02-15 22:44:06.539556,522
2026-02-15 22:44:06.541457,519
2026-02-15 22:44:06.543457,525
2026-02-15 22:44:06.545454,526
2026-02-15 22:44:06.547408,528
2026-02-15 22:44:06.549353,532
2026-02-15 22:44:06.551356,532
2026-02-15 22:44:06.553355,534
2026-02-15 22:44:06.555147,533
2026-02-15 22:44:06.557084,531
2026-02-15 22:44:06.559054,528
2026-02-15 22:44:06.561004,527
2026-02-15 22:44:06.562953,524
2026-02-15 22:44:06.564905,523
2026-02-15 22:44:06.566893,524
2026-02-15 22:44:06.568869,525
2026-02-15 22:44:06.570798,527
2026-02-15 22:44:06.572719,528
2026-02-15 22:44:06.574723,531
2026-02-15 22:44:06.576660,518
2026-02-15 22:44:06.578701,513
2026-02-15 22:44:06.580532,514
2026-02-15 22:44:06.582474,517
2026-02-15 22:44:06.584571,516
2026-02-15 22:44:06.586443,513
2026-02-15 22:44:06.588439,515
2026-02-15 22:44:06.590435,519
2026-02-15 22:44:06.592333,525
2026-02-15 22:44:06.594217,526
2026-02-15 22:44:06.596169,526
2026-02-15 22:44:06.598105,521
2026-02-15 22:44:06.600059,514
2026-02-15 22:44:06.602066,513
2026-02-15 22:44:06.604031,514
2026-02-15 22:44:06.606016,516
2026-02-15 22:44:06.607875,516
2026-02-15 22:44:06.609824,519
2026-02-15 22:44:06.611778,519
2026-02-15 22:44:06.613740,523
2026-02-15 22:44:06.615670,523
2026-02-15 22:44:06.617868,518
2026-02-15 22:44:06.619617,515
2026-02-15 22:44:06.621661,509
2026-02-15 22:44:06.623530,506
2026-02-15 22:44:06.625471,508
2026-02-15 22:44:06.627404,513
2026-02-15 22:44:06.629389,516
2026-02-15 22:44:06.631348,515
2026-02-15 22:44:06.633299,515
2026-02-15 22:44:06.635319,513
2026-02-15 22:44:06.637977,514
2026-02-15 22:44:06.639214,515
2026-02-15 22:44:06.641064,512
2026-02-15 22:44:06.643040,514
2026-02-15 22:44:06.644987,514
2026-02-15 22:44:06.646931,515
2026-02-15 22:44:06.648877,518
2026-02-15 22:44:06.650938,515
2026-02-15 22:44:06.653032,506
2026-02-15 22:44:06.654843,506
2026-02-15 22:44:06.656697,512
2026-02-15 22:44:06.658646,517
2026-02-15 22:44:06.660618,514
2026-02-15 22:44:06.662538,511
2026-02-15 22:44:06.664498,510
2026-02-15 22:44:06.666465,518
2026-02-15 22:44:06.668843,519
2026-02-15 22:44:06.670800,520
2026-02-15 22:44:06.672445,521
2026-02-15 22:44:06.674293,523
2026-02-15 22:44:06.676448,522
2026-02-15 22:44:06.678220,520
2026-02-15 22:44:06.680135,521
2026-02-15 22:44:06.682073,516
2026-02-15 22:44:06.684156,513
2026-02-15 22:44:06.686078,514
2026-02-15 22:44:06.687992,514
2026-02-15 22:44:06.689987,514
2026-02-15 22:44:06.691910,517
2026-02-15 22:44:06.693859,518
2026-02-15 22:44:06.695789,515
2026-02-15 22:44:06.697704,509
2026-02-15 22:44:06.699645,502
2026-02-15 22:44:06.701713,505
2026-02-15 22:44:06.703672,507
2026-02-15 22:44:06.705547,513
2026-02-15 22:44:06.707475,514
2026-02-15 22:44:06.709462,514
2026-02-15 22:44:06.711368,518
2026-02-15 22:44:06.713368,518
2026-02-15 22:44:06.715408,518
2026-02-15 22:44:06.717838,520
2026-02-15 22:44:06.719281,516
2026-02-15 22:44:06.721259,514
2026-02-15 22:44:06.723150,511
2026-02-15 22:44:06.725065,515
2026-02-15 22:44:06.726996,515
2026-02-15 22:44:06.728954,518
2026-02-15 22:44:06.730913,520
2026-02-15 22:44:06.732909,522
2026-02-15 22:44:06.735041,521
2026-02-15 22:44:06.736809,513
2026-02-15 22:44:06.738770,505
2026-02-15 22:44:06.740673,503
2026-02-15 22:44:06.742631,510
2026-02-15 22:44:06.744651,517
2026-02-15 22:44:06.746525,520
2026-02-15 22:44:06.748475,522
2026-02-15 22:44:06.751145,526
2026-02-15 22:44:06.752490,530
2026-02-15 22:44:06.754467,534
2026-02-15 22:44:06.756389,530
2026-02-15 22:44:06.758306,524
2026-02-15 22:44:06.760227,522
2026-02-15 22:44:06.762163,519
2026-02-15 22:44:06.764110,517
2026-02-15 22:44:06.766055,517
2026-02-15 22:44:06.768191,517
2026-02-15 22:44:06.769997,515
2026-02-15 22:44:06.771945,515
2026-02-15 22:44:06.773887,519
2026-02-15 22:44:06.775830,521
2026-02-15 22:44:06.777824,523
2026-02-15 22:44:06.779730,522
2026-02-15 22:44:06.781684,520
2026-02-15 22:44:06.783645,515
2026-02-15 22:44:06.785741,518
2026-02-15 22:44:06.787651,516
2026-02-15 22:44:06.789500,519
2026-02-15 22:44:06.791451,520
2026-02-15 22:44:06.793421,523
2026-02-15 22:44:06.795382,523
2026-02-15 22:44:06.797420,522
2026-02-15 22:44:06.799299,523
2026-02-15 22:44:06.801348,517
2026-02-15 22:44:06.803263,515
2026-02-15 22:44:06.805194,517
2026-02-15 22:44:06.807070,520
2026-02-15 22:44:06.809054,522
2026-02-15 22:44:06.810987,523
2026-02-15 22:44:06.812934,526
2026-02-15 22:44:06.814882,523
2026-02-15 22:44:06.816857,524
2026-02-15 22:44:06.818956,518
2026-02-15 22:44:06.820925,514
2026-02-15 22:44:06.822736,513
2026-02-15 22:44:06.824666,516
2026-02-15 22:44:06.826685,522
2026-02-15 22:44:06.828590,526
2026-02-15 22:44:06.830501,530
2026-02-15 22:44:06.832465,530
2026-02-15 22:44:06.834696,520
2026-02-15 22:44:06.836452,521
2026-02-15 22:44:06.838386,522
2026-02-15 22:44:06.840349,523
2026-02-15 22:44:06.842313,518
2026-02-15 22:44:06.844224,516
2026-02-15 22:44:06.846183,520
2026-02-15 22:44:06.848101,522
2026-02-15 22:44:06.850137,523
2026-02-15 22:44:06.852136,524
2026-02-15 22:44:06.853975,524
2026-02-15 22:44:06.855936,521
2026-02-15 22:44:06.857850,520
2026-02-15 22:44:06.859862,521
2026-02-15 22:44:06.861777,522
2026-02-15 22:44:06.863709,523
2026-02-15 22:44:06.865682,526
2026-02-15 22:44:06.867795,523
2026-02-15 22:44:06.869598,525
2026-02-15 22:44:06.871535,523
2026-02-15 22:44:06.873473,526
2026-02-15 22:44:06.875433,527
2026-02-15 22:44:06.877445,526
2026-02-15 22:44:06.879362,524
2026-02-15 22:44:06.881375,519
2026-02-15 22:44:06.883304,515
2026-02-15 22:44:06.885361,511
2026-02-15 22:44:06.887168,503
2026-02-15 22:44:06.889113,501
2026-02-15 22:44:06.891052,513
2026-02-15 22:44:06.893011,518
2026-02-15 22:44:06.894960,522
2026-02-15 22:44:06.896904,525
2026-02-15 22:44:06.898904,524
2026-02-15 22:44:06.901073,525
2026-02-15 22:44:06.902922,520
2026-02-15 22:44:06.904797,519
2026-02-15 22:44:06.906689,519
2026-02-15 22:44:06.908642,516
2026-02-15 22:44:06.910630,516
2026-02-15 22:44:06.912539,520
2026-02-15 22:44:06.914617,523
2026-02-15 22:44:06.916468,524
2026-02-15 22:44:06.918728,523
2026-02-15 22:44:06.920448,522
2026-02-15 22:44:06.922492,520
2026-02-15 22:44:06.924317,520
2026-02-15 22:44:06.926263,520
2026-02-15 22:44:06.928161,525
2026-02-15 22:44:06.930142,522
2026-02-15 22:44:06.932092,528
2026-02-15 22:44:06.934239,527
2026-02-15 22:44:06.936074,525
2026-02-15 22:44:06.938013,523
2026-02-15 22:44:06.939890,523
2026-02-15 22:44:06.941849,521
2026-02-15 22:44:06.943782,522
2026-02-15 22:44:06.945810,519
2026-02-15 22:44:06.947693,521
2026-02-15 22:44:06.949646,523
2026-02-15 22:44:06.951721,516
2026-02-15 22:44:06.953614,512
2026-02-15 22:44:06.955554,515
2026-02-15 22:44:06.957451,519
2026-02-15 22:44:06.959423,522
2026-02-15 22:44:06.961389,522
2026-02-15 22:44:06.963356,517
2026-02-15 22:44:06.965300,519
2026-02-15 22:44:06.967373,520
2026-02-15 22:44:06.969279,516
2026-02-15 22:44:06.971193,516
2026-02-15 22:44:06.973078,518
2026-02-15 22:44:06.975040,520
2026-02-15 22:44:06.977029,521
2026-02-15 22:44:06.978964,518
2026-02-15 22:44:06.980920,514
2026-02-15 22:44:06.982858,510
2026-02-15 22:44:06.984946,508
2026-02-15 22:44:06.986877,509
2026-02-15 22:44:06.988709,510
2026-02-15 22:44:06.990657,514
2026-02-15 22:44:06.992625,517
2026-02-15 22:44:06.994613,520
2026-02-15 22:44:06.996564,520
2026-02-15 22:44:06.998469,516
2026-02-15 22:44:07.000451,515
2026-02-15 22:44:07.002512,510
2026-02-15 22:44:07.004392,507
2026-02-15 22:44:07.006470,508
2026-02-15 22:44:07.008328,510
2026-02-15 22:44:07.010320,513
2026-02-15 22:44:07.012225,514
2026-02-15 22:44:07.014105,515
2026-02-15 22:44:07.016050,512
2026-02-15 22:44:07.018082,512
2026-02-15 22:44:07.019966,513
2026-02-15 22:44:07.021910,508
2026-02-15 22:44:07.023879,498
2026-02-15 22:44:07.025805,489
2026-02-15 22:44:07.027778,498
2026-02-15 22:44:07.029735,507
2026-02-15 22:44:07.031671,516
2026-02-15 22:44:07.033814,520
2026-02-15 22:44:07.035936,517
2026-02-15 22:44:07.037555,516
2026-02-15 22:44:07.039496,513
2026-02-15 22:44:07.041425,512
2026-02-15 22:44:07.043380,511
2026-02-15 22:44:07.045368,514
2026-02-15 22:44:07.047346,514
2026-02-15 22:44:07.049303,514
2026-02-15 22:44:07.051426,513
2026-02-15 22:44:07.053224,515
2026-02-15 22:44:07.055201,515
2026-02-15 22:44:07.057066,511
2026-02-15 22:44:07.059056,506
2026-02-15 22:44:07.060962,507
2026-02-15 22:44:07.062919,504
2026-02-15 22:44:07.064868,504
2026-02-15 22:44:07.066843,505
2026-02-15 22:44:07.068870,508
2026-02-15 22:44:07.070786,505
2026-02-15 22:44:07.072802,507
2026-02-15 22:44:07.074634,514
2026-02-15 22:44:07.076590,517
2026-02-15 22:44:07.078562,514
2026-02-15 22:44:07.080500,514
2026-02-15 22:44:07.082453,510
2026-02-15 22:44:07.084551,508
2026-02-15 22:44:07.086395,512
2026-02-15 22:44:07.088378,512
2026-02-15 22:44:07.090294,513
2026-02-15 22:44:07.092207,513
2026-02-15 22:44:07.094154,513
2026-02-15 22:44:07.096111,511
2026-02-15 22:44:07.098065,509
2026-02-15 22:44:07.100004,509
2026-02-15 22:44:07.102102,506
2026-02-15 22:44:07.103943,503
2026-02-15 22:44:07.105921,494
2026-02-15 22:44:07.107844,490
2026-02-15 22:44:07.109791,496
2026-02-15 22:44:07.111739,504
2026-02-15 22:44:07.113721,511
2026-02-15 22:44:07.115657,511
2026-02-15 22:44:07.117651,512
2026-02-15 22:44:07.119672,510
2026-02-15 22:44:07.121607,509
2026-02-15 22:44:07.123469,506
2026-02-15 22:44:07.125408,508
2026-02-15 22:44:07.127375,512
2026-02-15 22:44:07.129364,514
2026-02-15 22:44:07.131297,513
2026-02-15 22:44:07.133308,510
2026-02-15 22:44:07.135387,508
2026-02-15 22:44:07.137204,509
2026-02-15 22:44:07.139117,512
2026-02-15 22:44:07.141051,510
2026-02-15 22:44:07.143024,503
2026-02-15 22:44:07.144955,498
2026-02-15 22:44:07.146901,498
2026-02-15 22:44:07.148848,506
2026-02-15 22:44:07.150950,513
2026-02-15 22:44:07.152829,516
2026-02-15 22:44:07.154742,517
2026-02-15 22:44:07.156657,513
2026-02-15 22:44:07.158627,512
2026-02-15 22:44:07.160616,509
2026-02-15 22:44:07.162539,509
2026-02-15 22:44:07.164484,506
2026-02-15 22:44:07.166427,506
2026-02-15 22:44:07.168506,505
2026-02-15 22:44:07.170407,506
2026-02-15 22:44:07.172369,509
2026-02-15 22:44:07.174288,513
2026-02-15 22:44:07.176244,512
2026-02-15 22:44:07.178162,505
2026-02-15 22:44:07.180098,503
2026-02-15 22:44:07.182058,504
2026-02-15 22:44:07.184028,508
2026-02-15 22:44:07.186060,509
2026-02-15 22:44:07.187938,513
2026-02-15 22:44:07.189851,512
2026-02-15 22:44:07.191817,515
2026-02-15 22:44:07.193788,516
2026-02-15 22:44:07.195720,516
2026-02-15 22:44:07.197685,513
2026-02-15 22:44:07.199634,510
2026-02-15 22:44:07.201683,506
2026-02-15 22:44:07.203618,493
2026-02-15 22:44:07.205534,488
2026-02-15 22:44:07.207432,497
2026-02-15 22:44:07.209475,504
2026-02-15 22:44:07.211360,512
2026-02-15 22:44:07.213352,512
2026-02-15 22:44:07.215308,514
2026-02-15 22:44:07.217263,512
2026-02-15 22:44:07.219247,509
2026-02-15 22:44:07.221154,508
2026-02-15 22:44:07.223053,505
2026-02-15 22:44:07.225010,507
2026-02-15 22:44:07.227009,503
2026-02-15 22:44:07.228925,506
2026-02-15 22:44:07.230873,509
2026-02-15 22:44:07.232820,513
2026-02-15 22:44:07.234867,518
2026-02-15 22:44:07.236836,518
2026-02-15 22:44:07.238691,516
2026-02-15 22:44:07.240652,520
2026-02-15 22:44:07.242599,518
2026-02-15 22:44:07.244545,519
2026-02-15 22:44:07.246499,520
2026-02-15 22:44:07.248454,518
2026-02-15 22:44:07.250409,525
2026-02-15 22:44:07.252486,534
2026-02-15 22:44:07.254515,541
2026-02-15 22:44:07.256349,543
2026-02-15 22:44:07.258274,539
2026-02-15 22:44:07.260317,533
2026-02-15 22:44:07.262179,526
2026-02-15 22:44:07.264102,521
2026-02-15 22:44:07.266027,520
2026-02-15 22:44:07.268033,517
2026-02-15 22:44:07.269938,513
2026-02-15 22:44:07.271877,512
2026-02-15 22:44:07.273845,507
2026-02-15 22:44:07.275804,507
2026-02-15 22:44:07.277743,505
2026-02-15 22:44:07.279710,505
2026-02-15 22:44:07.281643,507
2026-02-15 22:44:07.283615,499
2026-02-15 22:44:07.285601,496
2026-02-15 22:44:07.287506,499
2026-02-15 22:44:07.289457,498
2026-02-15 22:44:07.291423,504
2026-02-15 22:44:07.293375,508
2026-02-15 22:44:07.295360,513
2026-02-15 22:44:07.297363,512
2026-02-15 22:44:07.299313,511
2026-02-15 22:44:07.301246,512
2026-02-15 22:44:07.303186,508
2026-02-15 22:44:07.305087,510
2026-02-15 22:44:07.307038,508
2026-02-15 22:44:07.308993,508
2026-02-15 22:44:07.310956,506
2026-02-15 22:44:07.312890,508
2026-02-15 22:44:07.314836,509
2026-02-15 22:44:07.316800,505
2026-02-15 22:44:07.318802,501
2026-02-15 22:44:07.320716,505
2026-02-15 22:44:07.322665,504
2026-02-15 22:44:07.324638,505
2026-02-15 22:44:07.326563,505
2026-02-15 22:44:07.328517,503
2026-02-15 22:44:07.330472,507
2026-02-15 22:44:07.332436,513
2026-02-15 22:44:07.334460,514
2026-02-15 22:44:07.336354,516
2026-02-15 22:44:07.338385,515
2026-02-15 22:44:07.340440,514
2026-02-15 22:44:07.342341,512
2026-02-15 22:44:07.344227,510
2026-02-15 22:44:07.346123,504
2026-02-15 22:44:07.348033,507
2026-02-15 22:44:07.349991,501
2026-02-15 22:44:07.351943,502
2026-02-15 22:44:07.353902,506
2026-02-15 22:44:07.355858,509
2026-02-15 22:44:07.357827,512
2026-02-15 22:44:07.359753,513
2026-02-15 22:44:07.361707,513
2026-02-15 22:44:07.363660,505
2026-02-15 22:44:07.365625,506
2026-02-15 22:44:07.367578,508
2026-02-15 22:44:07.369520,509
2026-02-15 22:44:07.371480,511
2026-02-15 22:44:07.373426,512
2026-02-15 22:44:07.375377,507
2026-02-15 22:44:07.377376,506
2026-02-15 22:44:07.379358,508
2026-02-15 22:44:07.381283,508
2026-02-15 22:44:07.383207,506
2026-02-15 22:44:07.385149,505
2026-02-15 22:44:07.387105,504
2026-02-15 22:44:07.389051,503
2026-02-15 22:44:07.391000,508
2026-02-15 22:44:07.392986,514
2026-02-15 22:44:07.394910,516
2026-02-15 22:44:07.396864,513
2026-02-15 22:44:07.398831,508
2026-02-15 22:44:07.400784,507
2026-02-15 22:44:07.402720,507
2026-02-15 22:44:07.404675,506
2026-02-15 22:44:07.406643,510
2026-02-15 22:44:07.408592,512
2026-02-15 22:44:07.410563,514
2026-02-15 22:44:07.412491,516
2026-02-15 22:44:07.414438,515
2026-02-15 22:44:07.416403,514
2026-02-15 22:44:07.418352,513
2026-02-15 22:44:07.420339,508
2026-02-15 22:44:07.422283,501
2026-02-15 22:44:07.424296,492
2026-02-15 22:44:07.426198,498
2026-02-15 22:44:07.428132,503
2026-02-15 22:44:07.430072,509
2026-02-15 22:44:07.432023,513
2026-02-15 22:44:07.433985,512
2026-02-15 22:44:07.435917,511
2026-02-15 22:44:07.437882,512
2026-02-15 22:44:07.439839,509
2026-02-15 22:44:07.441787,509
2026-02-15 22:44:07.443763,507
2026-02-15 22:44:07.445699,510
2026-02-15 22:44:07.447655,510
2026-02-15 22:44:07.449616,508
2026-02-15 22:44:07.451548,512
2026-02-15 22:44:07.453490,514
2026-02-15 22:44:07.455455,514
2026-02-15 22:44:07.457408,510
2026-02-15 22:44:07.459388,508
2026-02-15 22:44:07.461360,505
2026-02-15 22:44:07.463336,501
2026-02-15 22:44:07.465301,496
2026-02-15 22:44:07.467181,498
2026-02-15 22:44:07.469121,503
2026-02-15 22:44:07.471079,504
2026-02-15 22:44:07.473029,512
2026-02-15 22:44:07.474994,514
2026-02-15 22:44:07.476963,517
2026-02-15 22:44:07.478907,516
2026-02-15 22:44:07.480849,513
2026-02-15 22:44:07.482801,510
2026-02-15 22:44:07.484748,512
2026-02-15 22:44:07.486717,512
2026-02-15 22:44:07.488666,516
2026-02-15 22:44:07.490614,516
2026-02-15 22:44:07.492575,516
2026-02-15 22:44:07.494588,516
2026-02-15 22:44:07.496521,512
2026-02-15 22:44:07.498472,513
2026-02-15 22:44:07.500394,513
2026-02-15 22:44:07.502422,510
2026-02-15 22:44:07.504346,507
2026-02-15 22:44:07.506293,510
2026-02-15 22:44:07.508187,510
2026-02-15 22:44:07.510205,512
2026-02-15 22:44:07.512154,516
2026-02-15 22:44:07.514089,518
2026-02-15 22:44:07.516049,517
2026-02-15 22:44:07.518412,512
2026-02-15 22:44:07.519972,514
2026-02-15 22:44:07.521922,512
2026-02-15 22:44:07.523813,509
2026-02-15 22:44:07.525762,506
2026-02-15 22:44:07.527824,512
2026-02-15 22:44:07.529722,514
2026-02-15 22:44:07.531636,515
2026-02-15 22:44:07.533578,516
2026-02-15 22:44:07.535849,515
2026-02-15 22:44:07.537565,515
2026-02-15 22:44:07.539512,502
2026-02-15 22:44:07.541380,488
2026-02-15 22:44:07.543355,491
2026-02-15 22:44:07.545361,498
2026-02-15 22:44:07.547287,507
2026-02-15 22:44:07.549220,508
2026-02-15 22:44:07.551223,510
2026-02-15 22:44:07.553234,508
2026-02-15 22:44:07.555146,505
2026-02-15 22:44:07.557018,502
2026-02-15 22:44:07.558970,504
2026-02-15 22:44:07.560926,508
2026-02-15 22:44:07.562915,507
2026-02-15 22:44:07.564865,507
2026-02-15 22:44:07.566807,506
2026-02-15 22:44:07.568847,501
2026-02-15 22:44:07.570775,505
2026-02-15 22:44:07.572664,507
2026-02-15 22:44:07.574600,510
2026-02-15 22:44:07.576543,508
2026-02-15 22:44:07.578505,505
2026-02-15 22:44:07.580441,505
2026-02-15 22:44:07.582402,501
2026-02-15 22:44:07.584369,497
2026-02-15 22:44:07.586497,500
2026-02-15 22:44:07.588295,501
2026-02-15 22:44:07.590287,501
2026-02-15 22:44:07.592171,492
2026-02-15 22:44:07.594163,492
2026-02-15 22:44:07.596081,498
2026-02-15 22:44:07.598024,506
2026-02-15 22:44:07.599976,508
2026-02-15 22:44:07.602059,507
2026-02-15 22:44:07.603929,505
2026-02-15 22:44:07.605911,508
2026-02-15 22:44:07.607784,504
2026-02-15 22:44:07.609742,508
2026-02-15 22:44:07.611699,509
2026-02-15 22:44:07.613658,506
2026-02-15 22:44:07.615611,510
2026-02-15 22:44:07.617567,501
2026-02-15 22:44:07.619679,499
2026-02-15 22:44:07.621463,499
2026-02-15 22:44:07.623435,499
2026-02-15 22:44:07.625360,493
2026-02-15 22:44:07.627364,496
2026-02-15 22:44:07.629348,506
2026-02-15 22:44:07.631286,499
2026-02-15 22:44:07.633189,503
2026-02-15 22:44:07.635258,508
2026-02-15 22:44:07.637151,502
2026-02-15 22:44:07.639084,493
2026-02-15 22:44:07.640994,489
2026-02-15 22:44:07.642968,490
2026-02-15 22:44:07.644930,497
2026-02-15 22:44:07.646852,503
2026-02-15 22:44:07.648813,507
2026-02-15 22:44:07.650761,511
2026-02-15 22:44:07.652835,516
2026-02-15 22:44:07.654690,519
2026-02-15 22:44:07.656623,517
2026-02-15 22:44:07.658575,512
2026-02-15 22:44:07.660618,502
2026-02-15 22:44:07.662501,507
2026-02-15 22:44:07.664455,506
2026-02-15 22:44:07.666394,504
2026-02-15 22:44:07.668580,500
2026-02-15 22:44:07.670437,501
2026-02-15 22:44:07.672302,509
2026-02-15 22:44:07.674188,512
2026-02-15 22:44:07.676155,520
2026-02-15 22:44:07.678104,518
2026-02-15 22:44:07.680114,514
2026-02-15 22:44:07.682030,514
2026-02-15 22:44:07.683963,510
2026-02-15 22:44:07.686046,507
2026-02-15 22:44:07.687862,516
2026-02-15 22:44:07.689930,513
2026-02-15 22:44:07.691831,515
2026-02-15 22:44:07.693759,517
2026-02-15 22:44:07.695688,516
2026-02-15 22:44:07.697655,513
2026-02-15 22:44:07.699595,516
2026-02-15 22:44:07.701720,503
2026-02-15 22:44:07.703608,508
2026-02-15 22:44:07.705863,510
2026-02-15 22:44:07.707435,515
2026-02-15 22:44:07.709361,508
2026-02-15 22:44:07.711347,510
2026-02-15 22:44:07.713296,518
2026-02-15 22:44:07.715304,515
2026-02-15 22:44:07.717161,512
2026-02-15 22:44:07.719363,512
2026-02-15 22:44:07.721149,508
2026-02-15 22:44:07.723087,501
2026-02-15 22:44:07.724983,500
2026-02-15 22:44:07.726965,507
2026-02-15 22:44:07.728886,511
2026-02-15 22:44:07.730852,512
2026-02-15 22:44:07.732781,515
2026-02-15 22:44:07.734766,521
2026-02-15 22:44:07.737050,524
2026-02-15 22:44:07.738686,525
2026-02-15 22:44:07.740601,517
2026-02-15 22:44:07.742543,514
2026-02-15 22:44:07.744520,506
2026-02-15 22:44:07.746473,509
2026-02-15 22:44:07.748434,516
2026-02-15 22:44:07.750364,519
2026-02-15 22:44:07.752506,519
2026-02-15 22:44:07.754388,516
2026-02-15 22:44:07.756286,507
2026-02-15 22:44:07.758192,498
2026-02-15 22:44:07.760259,503
2026-02-15 22:44:07.762169,507
2026-02-15 22:44:07.764149,502
2026-02-15 22:44:07.765984,509
2026-02-15 22:44:07.767995,521
2026-02-15 22:44:07.770015,520
2026-02-15 22:44:07.771905,517
2026-02-15 22:44:07.773801,523
2026-02-15 22:44:07.775748,520
2026-02-15 22:44:07.777708,521
2026-02-15 22:44:07.779654,521
2026-02-15 22:44:07.781617,519
2026-02-15 22:44:07.783560,511
2026-02-15 22:44:07.785541,505
2026-02-15 22:44:07.787458,506
2026-02-15 22:44:07.789413,508
2026-02-15 22:44:07.791373,515
2026-02-15 22:44:07.793340,521
2026-02-15 22:44:07.795350,511
2026-02-15 22:44:07.797282,508
2026-02-15 22:44:07.799189,505
2026-02-15 22:44:07.801134,506
2026-02-15 22:44:07.803093,512
2026-02-15 22:44:07.805045,512
2026-02-15 22:44:07.806991,510
2026-02-15 22:44:07.808951,510
2026-02-15 22:44:07.810899,517
2026-02-15 22:44:07.812853,518
2026-02-15 22:44:07.814807,513
2026-02-15 22:44:07.816769,516
2026-02-15 22:44:07.818723,516
2026-02-15 22:44:07.820661,511
2026-02-15 22:44:07.822635,505
2026-02-15 22:44:07.824570,504
2026-02-15 22:44:07.826520,508
2026-02-15 22:44:07.828478,507
2026-02-15 22:44:07.830438,507
2026-02-15 22:44:07.832424,507
2026-02-15 22:44:07.834346,497
2026-02-15 22:44:07.836361,493
2026-02-15 22:44:07.838287,499
2026-02-15 22:44:07.840186,503
2026-02-15 22:44:07.842140,505
2026-02-15 22:44:07.844106,507
2026-02-15 22:44:07.846071,515
2026-02-15 22:44:07.848004,515
2026-02-15 22:44:07.849970,511
2026-02-15 22:44:07.851934,520
2026-02-15 22:44:07.853856,523
2026-02-15 22:44:07.855808,522
2026-02-15 22:44:07.857771,518
2026-02-15 22:44:07.859720,515
2026-02-15 22:44:07.861700,513
2026-02-15 22:44:07.863642,505
2026-02-15 22:44:07.865583,503
2026-02-15 22:44:07.867548,508
2026-02-15 22:44:07.869526,505
2026-02-15 22:44:07.871444,502
2026-02-15 22:44:07.873392,508
2026-02-15 22:44:07.875353,513
2026-02-15 22:44:07.877337,508
2026-02-15 22:44:07.879295,508
2026-02-15 22:44:07.881291,509
2026-02-15 22:44:07.883166,508
2026-02-15 22:44:07.885167,511
2026-02-15 22:44:07.887070,509
2026-02-15 22:44:07.889008,509
2026-02-15 22:44:07.890972,510
2026-02-15 22:44:07.892941,510
2026-02-15 22:44:07.894869,508
2026-02-15 22:44:07.897316,508
2026-02-15 22:44:07.898793,513
2026-02-15 22:44:07.900750,516
2026-02-15 22:44:07.902732,510
2026-02-15 22:44:07.904653,511
2026-02-15 22:44:07.906595,513
2026-02-15 22:44:07.908540,510
2026-02-15 22:44:07.910519,516
2026-02-15 22:44:07.912448,518
2026-02-15 22:44:07.914397,520
2026-02-15 22:44:07.916358,518
2026-02-15 22:44:07.918439,517
2026-02-15 22:44:07.920338,509
2026-02-15 22:44:07.922284,506
2026-02-15 22:44:07.924171,504
2026-02-15 22:44:07.926115,504
2026-02-15 22:44:07.928086,507
2026-02-15 22:44:07.930043,512
2026-02-15 22:44:07.931989,517
2026-02-15 22:44:07.933946,521
2026-02-15 22:44:07.935919,519
2026-02-15 22:44:07.937843,515
2026-02-15 22:44:07.939794,502
2026-02-15 22:44:07.941753,489
2026-02-15 22:44:07.943715,496
2026-02-15 22:44:07.945661,500
2026-02-15 22:44:07.947628,511
2026-02-15 22:44:07.949562,516
2026-02-15 22:44:07.951524,522
2026-02-15 22:44:07.953492,529
2026-02-15 22:44:07.955413,528
2026-02-15 22:44:07.957366,525
2026-02-15 22:44:07.959334,520
2026-02-15 22:44:07.961353,519
2026-02-15 22:44:07.963296,517
2026-02-15 22:44:07.965204,519
2026-02-15 22:44:07.967142,519
2026-02-15 22:44:07.969121,518
2026-02-15 22:44:07.971037,520
2026-02-15 22:44:07.972993,525
2026-02-15 22:44:07.974958,527
2026-02-15 22:44:07.976904,521
2026-02-15 22:44:07.978860,522
2026-02-15 22:44:07.980819,521
2026-02-15 22:44:07.982767,519
2026-02-15 22:44:07.984740,519
2026-02-15 22:44:07.986669,520
2026-02-15 22:44:07.988635,521
2026-02-15 22:44:07.990569,521
2026-02-15 22:44:07.992526,527
2026-02-15 22:44:07.994488,523
2026-02-15 22:44:07.996454,520
2026-02-15 22:44:07.998412,519
2026-02-15 22:44:08.000351,521
2026-02-15 22:44:08.002392,519
2026-02-15 22:44:08.004278,520
2026-02-15 22:44:08.006193,517
2026-02-15 22:44:08.008152,515
2026-02-15 22:44:08.010102,519
2026-02-15 22:44:08.012055,522
2026-02-15 22:44:08.014004,518
2026-02-15 22:44:08.015974,519
2026-02-15 22:44:08.017935,515
2026-02-15 22:44:08.019900,513
2026-02-15 22:44:08.021808,512
2026-02-15 22:44:08.023767,510
2026-02-15 22:44:08.025727,513
2026-02-15 22:44:08.027677,513
2026-02-15 22:44:08.029637,516
2026-02-15 22:44:08.031599,519
2026-02-15 22:44:08.033551,519
2026-02-15 22:44:08.035505,518
2026-02-15 22:44:08.037450,517
2026-02-15 22:44:08.039409,516
2026-02-15 22:44:08.041353,512
2026-02-15 22:44:08.043330,512
2026-02-15 22:44:08.045330,508
2026-02-15 22:44:08.047298,500
2026-02-15 22:44:08.049183,504
2026-02-15 22:44:08.051128,507
2026-02-15 22:44:08.053105,516
2026-02-15 22:44:08.055006,518
2026-02-15 22:44:08.056960,520
2026-02-15 22:44:08.058933,521
2026-02-15 22:44:08.060878,519
2026-02-15 22:44:08.062838,514
2026-02-15 22:44:08.064785,513
2026-02-15 22:44:08.066745,513
2026-02-15 22:44:08.068744,514
2026-02-15 22:44:08.070646,512
2026-02-15 22:44:08.072608,515
2026-02-15 22:44:08.074554,515
2026-02-15 22:44:08.076507,509
2026-02-15 22:44:08.078450,505
2026-02-15 22:44:08.080404,503
2026-02-15 22:44:08.082373,499
2026-02-15 22:44:08.084351,499
2026-02-15 22:44:08.086386,505
2026-02-15 22:44:08.088281,502
2026-02-15 22:44:08.090170,496
2026-02-15 22:44:08.092128,502
2026-02-15 22:44:08.094083,508
2026-02-15 22:44:08.096037,510
2026-02-15 22:44:08.098000,510
2026-02-15 22:44:08.099944,504
2026-02-15 22:44:08.101908,499
2026-02-15 22:44:08.103861,501
2026-02-15 22:44:08.105791,505
2026-02-15 22:44:08.107750,507
2026-02-15 22:44:08.109706,508
2026-02-15 22:44:08.111674,508
2026-02-15 22:44:08.113635,508
2026-02-15 22:44:08.115572,505
2026-02-15 22:44:08.117521,501
2026-02-15 22:44:08.119509,500
2026-02-15 22:44:08.121428,500
2026-02-15 22:44:08.123369,501
2026-02-15 22:44:08.125344,499
2026-02-15 22:44:08.127334,499
2026-02-15 22:44:08.129284,505
2026-02-15 22:44:08.131197,509
2026-02-15 22:44:08.133154,514
2026-02-15 22:44:08.135085,515
2026-02-15 22:44:08.137051,514
2026-02-15 22:44:08.139010,511
2026-02-15 22:44:08.140964,511
2026-02-15 22:44:08.142896,511
2026-02-15 22:44:08.144882,514
2026-02-15 22:44:08.146825,519
2026-02-15 22:44:08.148756,521
2026-02-15 22:44:08.150726,523
2026-02-15 22:44:08.152696,527
2026-02-15 22:44:08.154636,522
2026-02-15 22:44:08.156562,522
2026-02-15 22:44:08.158530,524
2026-02-15 22:44:08.160483,529
2026-02-15 22:44:08.162433,528
2026-02-15 22:44:08.164394,528
2026-02-15 22:44:08.166355,529
2026-02-15 22:44:08.168347,527
2026-02-15 22:44:08.170276,522
2026-02-15 22:44:08.172298,523
2026-02-15 22:44:08.174153,521
2026-02-15 22:44:08.176106,516
2026-02-15 22:44:08.178065,512
2026-02-15 22:44:08.180047,506
2026-02-15 22:44:08.181975,500
2026-02-15 22:44:08.183948,499
2026-02-15 22:44:08.185869,497
2026-02-15 22:44:08.187823,498
2026-02-15 22:44:08.189770,502
2026-02-15 22:44:08.191729,505
2026-02-15 22:44:08.193693,508
2026-02-15 22:44:08.195658,508
2026-02-15 22:44:08.197648,502
2026-02-15 22:44:08.199578,503
2026-02-15 22:44:08.201494,497
2026-02-15 22:44:08.203481,487
2026-02-15 22:44:08.205396,488
2026-02-15 22:44:08.207360,494
2026-02-15 22:44:08.209336,494
2026-02-15 22:44:08.211338,496
2026-02-15 22:44:08.213292,490
2026-02-15 22:44:08.215178,495
2026-02-15 22:44:08.217151,502
2026-02-15 22:44:08.219121,506
2026-02-15 22:44:08.221045,507
2026-02-15 22:44:08.222970,505
2026-02-15 22:44:08.224933,507
2026-02-15 22:44:08.226882,509
2026-02-15 22:44:08.228917,512
2026-02-15 22:44:08.230820,514
2026-02-15 22:44:08.232781,515
2026-02-15 22:44:08.234714,512
2026-02-15 22:44:08.236688,511
2026-02-15 22:44:08.238613,508
2026-02-15 22:44:08.240543,504
2026-02-15 22:44:08.242511,502
2026-02-15 22:44:08.244487,505
2026-02-15 22:44:08.246429,507
2026-02-15 22:44:08.248389,505
2026-02-15 22:44:08.250328,507
2026-02-15 22:44:08.252455,511
2026-02-15 22:44:08.254307,513
2026-02-15 22:44:08.256218,510
2026-02-15 22:44:08.258133,508
2026-02-15 22:44:08.260094,508
2026-02-15 22:44:08.262036,506
2026-02-15 22:44:08.263991,505
2026-02-15 22:44:08.266005,505
2026-02-15 22:44:08.267919,500
2026-02-15 22:44:08.269942,506
2026-02-15 22:44:08.271803,510
2026-02-15 22:44:08.273795,504
2026-02-15 22:44:08.275721,504
2026-02-15 22:44:08.277667,505
2026-02-15 22:44:08.279632,504
2026-02-15 22:44:08.281564,506
2026-02-15 22:44:08.283529,505
2026-02-15 22:44:08.285682,507
2026-02-15 22:44:08.287479,511
2026-02-15 22:44:08.289376,513
2026-02-15 22:44:08.291322,520
2026-02-15 22:44:08.293334,522
2026-02-15 22:44:08.295317,520
2026-02-15 22:44:08.297192,517
2026-02-15 22:44:08.299145,511
2026-02-15 22:44:08.301150,510
2026-02-15 22:44:08.303224,508
2026-02-15 22:44:08.305188,507
2026-02-15 22:44:08.306986,505
2026-02-15 22:44:08.308913,505
2026-02-15 22:44:08.310899,507
2026-02-15 22:44:08.312824,510
2026-02-15 22:44:08.314803,507
2026-02-15 22:44:08.316748,503
2026-02-15 22:44:08.318932,487
2026-02-15 22:44:08.320758,488
2026-02-15 22:44:08.322600,486
2026-02-15 22:44:08.324524,485
2026-02-15 22:44:08.326487,483
2026-02-15 22:44:08.328463,489
2026-02-15 22:44:08.330398,491
2026-02-15 22:44:08.332363,496
2026-02-15 22:44:08.334346,498
2026-02-15 22:44:08.336425,493
2026-02-15 22:44:08.338282,490
2026-02-15 22:44:08.340183,487
2026-02-15 22:44:08.342113,484
2026-02-15 22:44:08.344154,485
2026-02-15 22:44:08.346022,487
2026-02-15 22:44:08.347992,482
2026-02-15 22:44:08.349969,481
2026-02-15 22:44:08.352002,478
2026-02-15 22:44:08.353917,481
2026-02-15 22:44:08.355818,477
2026-02-15 22:44:08.357743,474
2026-02-15 22:44:08.359690,472
2026-02-15 22:44:08.361754,463
2026-02-15 22:44:08.363683,461
2026-02-15 22:44:08.365543,464
2026-02-15 22:44:08.367493,467
2026-02-15 22:44:08.369660,467
2026-02-15 22:44:08.371507,467
2026-02-15 22:44:08.373419,469
2026-02-15 22:44:08.375333,468
2026-02-15 22:44:08.377349,462
2026-02-15 22:44:08.379308,458
2026-02-15 22:44:08.381180,455
2026-02-15 22:44:08.383138,453
2026-02-15 22:44:08.385128,453
2026-02-15 22:44:08.387214,454
2026-02-15 22:44:08.389081,455
2026-02-15 22:44:08.390922,458
2026-02-15 22:44:08.392910,462
2026-02-15 22:44:08.394855,463
2026-02-15 22:44:08.396805,461
2026-02-15 22:44:08.398755,459
2026-02-15 22:44:08.400709,455
2026-02-15 22:44:08.402803,455
2026-02-15 22:44:08.404685,450
2026-02-15 22:44:08.406571,448
2026-02-15 22:44:08.408508,453
2026-02-15 22:44:08.410466,461
2026-02-15 22:44:08.412440,466
2026-02-15 22:44:08.414372,468
2026-02-15 22:44:08.416336,469
2026-02-15 22:44:08.418365,473
2026-02-15 22:44:08.420371,475
2026-02-15 22:44:08.422246,473
2026-02-15 22:44:08.424143,473
2026-02-15 22:44:08.426082,476
2026-02-15 22:44:08.428061,480
2026-02-15 22:44:08.430044,487
2026-02-15 22:44:08.431956,485
2026-02-15 22:44:08.433921,483
2026-02-15 22:44:08.435965,488
2026-02-15 22:44:08.437857,491
2026-02-15 22:44:08.439804,494
2026-02-15 22:44:08.441719,491
2026-02-15 22:44:08.443690,489
2026-02-15 22:44:08.445651,493
2026-02-15 22:44:08.447605,501
2026-02-15 22:44:08.449552,509
2026-02-15 22:44:08.451491,513
2026-02-15 22:44:08.453590,517
2026-02-15 22:44:08.455396,522
2026-02-15 22:44:08.457382,521
2026-02-15 22:44:08.459341,521
2026-02-15 22:44:08.461307,521
2026-02-15 22:44:08.463299,519
2026-02-15 22:44:08.465142,516
2026-02-15 22:44:08.467095,520
2026-02-15 22:44:08.469206,524
2026-02-15 22:44:08.471097,529
2026-02-15 22:44:08.473025,534
2026-02-15 22:44:08.474918,534
2026-02-15 22:44:08.476880,533
2026-02-15 22:44:08.478894,528
2026-02-15 22:44:08.480804,522
2026-02-15 22:44:08.482749,519
2026-02-15 22:44:08.484821,519
2026-02-15 22:44:08.487190,521
2026-02-15 22:44:08.488703,526
2026-02-15 22:44:08.490647,531
